Timestamp,SHD,sSCRT,Ratio,CP
2022-02-22 23:02:15.299807+00:00,393.68573266,3025.53784,0.13012090857207723,1191111.0812309538
2022-02-22 23:02:53.198393+00:00,393.68573266,3025.53784,0.13012090857207723,1191111.0812309538
2022-02-22 23:03:59.382372+00:00,387.44185961,3074.445402,0.12602008133172893,1191168.843820294
2022-02-22 23:07:52.393773+00:00,387.44185961,3074.445402,0.12602008133172893,1191168.843820294
2022-02-22 23:08:41.966489+00:00,386.1895128,3084.445402,0.1252054948191299,1191180.4670565801
2022-02-22 23:09:19.141137+00:00,386.1895128,3084.445402,0.1252054948191299,1191180.4670565801
2022-02-22 23:09:44.279461+00:00,386.1895128,3084.445402,0.1252054948191299,1191180.4670565801
2022-02-22 23:12:18.630538+00:00,386.1895128,3084.445402,0.1252054948191299,1191180.4670565801
2022-02-22 23:13:20.998479+00:00,384.69735945,3096.445402,0.12423837965995567,1191194.3698304938
2022-02-22 23:16:30.718506+00:00,383.61998236,3105.22351,0.12354021574440548,1191225.7881300573
2022-02-22 23:16:46.083459+00:00,383.61998236,3105.22351,0.12354021574440548,1191225.7881300573
2022-02-22 23:17:11.074543+00:00,383.61998236,3105.22351,0.12354021574440548,1191225.7881300573
2022-02-22 23:18:15.094534+00:00,383.61998236,3105.22351,0.12354021574440548,1191225.7881300573
2022-02-22 23:19:18.978506+00:00,377.84823245,3058.503907,0.12354021571959366,1155650.295201369
2022-02-22 23:19:44.050505+00:00,376.83827309,3066.725695,0.12287968033932685,1155659.61494453
2022-02-22 23:20:14.726507+00:00,376.83827309,3066.725695,0.12287968033932685,1155659.61494453
2022-02-22 23:20:27.230485+00:00,376.83827309,3066.725695,0.12287968033932685,1155659.61494453
2022-02-22 23:20:52.046537+00:00,376.83827309,3066.725695,0.12287968033932685,1155659.61494453
2022-02-22 23:21:54.502507+00:00,377.78918502,3059.029769,0.1234996758934777,1155668.363382429
2022-02-22 23:22:08.171479+00:00,377.72763048,3059.529769,0.12345937415194995,1155668.930027392
2022-02-22 23:22:33.294390+00:00,354.54156642,2871.726581,0.12345937414993757,1018146.4403576909
2022-02-22 23:25:20.478562+00:00,354.54156642,2871.726581,0.12345937414993757,1018146.4403576909
2022-02-22 23:27:04.158552+00:00,1187.89234193,9621.726581,0.12345937414972152,11429575.321714222
2022-02-22 23:27:42.111104+00:00,1187.89234193,9621.726581,0.12345937414972152,11429575.321714222
2022-02-22 23:28:32.546538+00:00,1187.89234193,9621.726581,0.12345937414972152,11429575.321714222
2022-02-22 23:29:50.357749+00:00,1187.89234193,9621.726581,0.12345937414972152,11429575.321714222
2022-02-22 23:32:48.354528+00:00,1185.06237308,9644.772892,0.12287094640278855,11429657.451211177
2022-02-22 23:33:28.431799+00:00,1185.06237308,9644.772892,0.12287094640278855,11429657.451211177
2022-02-22 23:36:53.224102+00:00,1185.06237308,9644.772892,0.12287094640278855,11429657.451211177
2022-02-22 23:37:05.091881+00:00,1185.06237308,9644.772892,0.12287094640278855,11429657.451211177
2022-02-22 23:37:09.104355+00:00,1185.06237308,9644.772892,0.12287094640278855,11429657.451211177
2022-02-22 23:40:24.714648+00:00,1185.06237308,9644.772892,0.12287094640278855,11429657.451211177
2022-02-22 23:41:29.590431+00:00,1394.5573367,11349.772892,0.1228709464030745,15827909.056417378
2022-02-22 23:43:06.906554+00:00,1393.94509474,11354.772892,0.12276292163642509,15827929.974690126
2022-02-22 23:43:39.130460+00:00,1391.02833737,11379.868416,0.12223588942506802,15829719.442197854
2022-02-22 23:44:11.874844+00:00,1409.91478419,11227.887241,0.1255725813705649,15830364.216304172
2022-02-22 23:44:44.622481+00:00,1391.38298197,11377.887241,0.12228834338911163,15830998.677900996
2022-02-22 23:47:04.534540+00:00,1388.59318644,11401.60729,0.12178924875424296,15832194.197358632
2022-02-22 23:47:37.394523+00:00,1358.27722398,11656.867446,0.11652163244303566,15833257.554855712
2022-02-22 23:48:10.767529+00:00,1384.7558255,11434.639404,0.12110183597180971,15834183.527180847
2022-02-22 23:50:24.394566+00:00,1383.54949517,11444.639404,0.12089061492723288,15834225.069806889
2022-02-22 23:50:56.698529+00:00,1383.54949517,11444.639404,0.12089061492723288,15834225.069806889
2022-02-22 23:51:30.951063+00:00,1371.6011025,11544.639404,0.11880848370411345,15834640.134491343
2022-02-22 23:52:03.902519+00:00,1370.41760705,11554.639404,0.11860323452202128,15834681.282355318
2022-02-22 23:52:36.498570+00:00,1380.58778331,11469.866401,0.12036650951659154,15835157.429418437
2022-02-22 23:54:34.423288+00:00,1380.58778331,11469.866401,0.12036650951659154,15835157.429418437
2022-02-22 23:55:52.474566+00:00,1387.58778331,11412.177655,0.1215883440705165,15835398.295041364
2022-02-22 23:57:07.516796+00:00,1386.37660881,11422.177655,0.12137585762406006,15835439.922564259
2022-02-22 23:58:40.442561+00:00,1385.7718149,11427.177655,0.12126982328778715,15835460.718154075
2022-02-23 00:01:01.414532+00:00,1383.91236819,11442.577655,0.12094410979026912,15835524.740729026
2022-02-23 00:01:35.290602+00:00,1368.99739313,11567.621655,0.11834735211436166,15836043.890409138
2022-02-23 00:02:49.426549+00:00,1368.99739313,11567.621655,0.11834735211436166,15836043.890409138
2022-02-23 00:03:21.687833+00:00,1368.99739313,11567.621655,0.11834735211436166,15836043.890409138
2022-02-23 00:04:30.886563+00:00,1370.20856763,11557.427311,0.11855653777946569,15836085.921293152
2022-02-23 00:06:01.770413+00:00,1362.43806247,11623.54307,0.11721366318901591,15836357.499327395
2022-02-23 00:07:25.778394+00:00,1375.3101759,11515.079751,0.11943557540542128,15836806.35785034
2022-02-23 00:08:47.426563+00:00,1373.52634055,11530.079751,0.11912548483724708,15836868.246640684
2022-02-23 00:10:01.936676+00:00,1371.15509153,11550.079751,0.11871390683785418,15836950.658161202
2022-02-23 00:11:15.065978+00:00,1375.02306972,11517.686526,0.1193836163726132,15837084.683053201
2022-02-23 00:11:49.070531+00:00,1372.6466869,11537.686526,0.11897070385876422,15837167.184404671
2022-02-23 00:12:21.408961+00:00,1372.6466869,11537.686526,0.11897070385876422,15837167.184404671
2022-02-23 00:12:54.030459+00:00,1371.65086972,11546.088098,0.11879788704865293,15837201.78148544
2022-02-23 00:13:29.326865+00:00,1355.89578771,11680.658407,0.11608042461865307,15837755.531730698
2022-02-23 00:14:02.202504+00:00,1370.54499254,11556.781919,0.11859226921005986,15839089.58896226
2022-02-23 00:14:34.973336+00:00,1342.48105245,11893.864647,0.11287172775996028,15967287.92900241
2022-02-23 00:15:07.241193+00:00,1369.71825565,11658.061596,0.1174910806887454,15968259.793533374
2022-02-23 00:15:40.806506+00:00,1367.52205108,11677.930387,0.11710311722720496,15969827.3151997
2022-02-23 00:16:15.134573+00:00,1367.52205108,11677.930387,0.11710311722720496,15969827.3151997
2022-02-23 00:17:29.770488+00:00,1367.52205108,11677.930387,0.11710311722720496,15969827.3151997
2022-02-23 00:18:07.494371+00:00,1366.93854186,11682.930387,0.11700305459159799,15969847.827857666
2022-02-23 00:19:40.607159+00:00,1366.93854186,11682.930387,0.11700305459159799,15969847.827857666
2022-02-23 00:20:16.016414+00:00,1371.31038889,11740.257099,0.11680411913694838,16099536.528098274
2022-02-23 00:21:23.674515+00:00,1371.31038889,11740.257099,0.11680411913694838,16099536.528098274
2022-02-23 00:21:56.162439+00:00,1368.40522806,11765.257099,0.11630899491149317,16099639.323741628
2022-02-23 00:23:38.158544+00:00,1368.40522806,11765.257099,0.11630899491149317,16099639.323741628
2022-02-23 00:24:13.610367+00:00,1367.24661215,11775.257099,0.11611182674441238,16099680.375802986
2022-02-23 00:29:10.684700+00:00,1367.24661215,11775.257099,0.11611182674441238,16099680.375802986
2022-02-23 00:29:43.438530+00:00,1364.93526808,11795.257099,0.1157189925258788,16099762.41049609
2022-02-23 00:30:15.558534+00:00,1365.93526808,11786.647706,0.11588835962108801,16099797.794059627
2022-02-23 00:30:49.206522+00:00,1370.80393324,11745.20984,0.11671174478054282,16100379.845401151
2022-02-23 00:31:54.266578+00:00,1369.64130701,11755.20984,0.11651355659764216,16100420.969434412
2022-02-23 00:32:58.842431+00:00,1370.64130701,11746.659138,0.11668350046661581,16100456.233909281
2022-02-23 00:34:06.294482+00:00,1369.47896201,11756.659138,0.11648538466030331,16100497.353013624
2022-02-23 00:35:11.506527+00:00,1367.73914286,11771.659138,0.11618915624602244,16100558.979448207
2022-02-23 00:36:16.834408+00:00,1367.6233121,11772.659138,0.11616944787652612,16100563.082535893
2022-02-23 00:37:57.314585+00:00,1365.88820876,11787.659138,0.11587442364674186,16100624.625476267
2022-02-23 00:38:29.967614+00:00,1365.88820876,11787.659138,0.11587442364674186,16100624.625476267
2022-02-23 00:39:35.530474+00:00,1368.62411359,11764.686646,0.11633323987046718,16101433.83254586
2022-02-23 00:41:13.474451+00:00,1366.77088613,11780.686646,0.1160179306351444,16101499.526373278
2022-02-23 00:42:17.923017+00:00,1366.77088613,11780.686646,0.1160179306351444,16101499.526373278
2022-02-23 00:45:37.986514+00:00,1365.61516838,11790.686646,0.1158215131468434,16101540.529393107
2022-02-23 00:47:50.658479+00:00,1361.01182331,11830.686646,0.11504081411624263,16101704.403081728
2022-02-23 00:50:33.838709+00:00,1368.01182331,11891.534616,0.1150408141157279,16267759.951988142
2022-02-23 00:51:06.298517+00:00,1365.5042177,11913.437996,0.11461882104548454,16267849.830845436
2022-02-23 00:52:11.406567+00:00,1365.04902511,11917.422638,0.11454230218851118,16267866.153825745
2022-02-23 00:58:00.398498+00:00,1369.99052402,11874.885709,0.11536873344235064,16268480.89515052
2022-02-23 00:58:33.114753+00:00,1367.8667192,11902.254995,0.11492500536869905,16280698.491092462
2022-02-23 00:59:38.399954+00:00,1369.11030228,11891.476433,0.11513375231359718,16280742.893740127
2022-02-23 01:00:11.190519+00:00,1364.42795102,11984.658225,0.11384788163368756,16352202.665611738
2022-02-23 01:02:20.838485+00:00,1351.15460259,12102.749764,0.11164029901775303,16352686.047623636
2022-02-23 01:03:26.263753+00:00,1351.15460259,12102.749764,0.11164029901775303,16352686.047623636
2022-02-23 01:03:58.726517+00:00,1318.1546025,12406.676708,0.10624558320682566,16353918.00437975
2022-02-23 01:05:05.106562+00:00,1318.1546025,12406.676708,0.10624558320682566,16353918.00437975
2022-02-23 01:05:39.439298+00:00,1331.42795093,12525.570589,0.1062967903513525,16676894.783541344
2022-02-23 01:06:44.474510+00:00,1330.36901733,12535.570589,0.10612751991500112,16676934.72615878
2022-02-23 01:07:17.878545+00:00,1325.73207973,12583.570589,0.10535420533889611,16682443.20738423
2022-02-23 01:07:50.235435+00:00,1330.87474553,12535.15205,0.10617140823034531,16682717.294723608
2022-02-23 01:08:28.872699+00:00,1330.87474553,12535.15205,0.10617140823034531,16682717.294723608
2022-02-23 01:09:01.490529+00:00,1329.81706036,12545.15205,0.10600246653527008,16682757.220900228
2022-02-23 01:09:33.902521+00:00,1335.70561604,12601.044984,0.10599959112406895,16831286.553101473
2022-02-23 01:10:39.565370+00:00,1335.97714572,12618.563421,0.10587394944630915,16858112.34227438
2022-02-23 01:11:12.722499+00:00,1342.40234137,12558.353866,0.10689317689990947,16858363.63347139
2022-02-23 01:11:46.022557+00:00,1339.65756636,12532.676128,0.10689317689834743,16789494.401614547
2022-02-23 01:12:18.626521+00:00,1339.65756636,12532.676128,0.10689317689834743,16789494.401614547
2022-02-23 01:13:24.214542+00:00,1346.40465641,12470.060912,0.10797097671867409,16789748.07763313
2022-02-23 01:13:56.624116+00:00,1346.40465641,12470.060912,0.10797097671867409,16789748.07763313
2022-02-23 01:14:29.022369+00:00,1346.18112305,12472.137797,0.10793507456065835,16789756.46639981
2022-02-23 01:15:01.498584+00:00,1406.2462481,13034.055094,0.10789015682059998,18329091.073466193
2022-02-23 01:15:35.105147+00:00,1406.2462481,13034.055094,0.10789015682059998,18329091.073466193
2022-02-23 01:17:12.092577+00:00,1406.69757918,13038.514637,0.10788787053919077,18341246.975970898
2022-02-23 01:18:15.954576+00:00,1424.86516317,13076.300464,0.10896546520116732,18631964.994297307
2022-02-23 01:18:48.928236+00:00,1439.63003094,12997.251632,0.11076418859165164,18711233.769111127
2022-02-23 01:19:26.226437+00:00,1441.33808935,12981.895439,0.11102678311673621,18711300.36818974
2022-02-23 01:20:31.182531+00:00,1438.02493147,13011.895439,0.11051617638732855,18711430.04696278
2022-02-23 01:22:42.750539+00:00,1439.02493147,13002.880403,0.11066970447086408,18711469.08083968
2022-02-23 01:23:16.080860+00:00,1452.60485572,13215.530036,0.10991650367128718,19196943.101207107
2022-02-23 01:23:48.134483+00:00,1455.0462759,13193.422238,0.11028573554700176,19197039.89377814
2022-02-23 01:24:21.050480+00:00,1458.16773554,13165.637755,0.11075557163846636,19197708.19214828
2022-02-23 01:25:26.071585+00:00,1438.10690166,13349.851819,0.10772455913055405,19198514.037042204
2022-02-23 01:25:58.482603+00:00,1439.10690166,13340.603164,0.10787420058663248,19198554.085619632
2022-02-23 01:27:03.546475+00:00,1439.10690166,13340.603164,0.10787420058663248,19198554.085619632
2022-02-23 01:28:08.881996+00:00,1417.91449887,13540.603164,0.10471575613705061,19199417.549680598
2022-02-23 01:28:41.190521+00:00,1441.89795137,13399.939151,0.10760481335934986,19321344.81030956
2022-02-23 01:29:14.494479+00:00,1440.82593139,13409.939151,0.1074446285822673,19321388.067122802
2022-02-23 01:29:50.026936+00:00,2476.07857391,23006.825851,0.10762365003959798,56966708.54333981
2022-02-23 01:30:55.165125+00:00,2477.13625908,23016.669853,0.1076235734752536,57015427.45613983
2022-02-23 01:31:27.328146+00:00,2479.4636585,23038.331238,0.10762340522347863,57122705.05710631
2022-02-23 01:31:59.641488+00:00,2489.347571,23130.321993,0.1076226942172858,57579410.869722426
2022-02-23 01:32:32.450553+00:00,2489.347571,23130.321993,0.1076226942172858,57579410.869722426
2022-02-23 01:33:40.022533+00:00,2490.41959098,23140.282837,0.10762269452463047,57629013.718083054
2022-02-23 01:35:49.718539+00:00,2490.41959098,23140.282837,0.10762269452463047,57629013.718083054
2022-02-23 01:39:06.158491+00:00,2510.48042486,23326.682499,0.10762269452450526,58561179.79066384
2022-02-23 01:40:11.222632+00:00,2515.93256377,23377.34225,0.10762269452465238,58815816.62117124
2022-02-23 01:42:25.942475+00:00,2515.82526852,23378.34225,0.10761350148854117,58815824.16865872
2022-02-23 01:43:33.894543+00:00,2515.28892991,23383.34225,0.10756755398856638,58815861.9057218
2022-02-23 01:44:07.386512+00:00,2487.9846781,23640.742135,0.10524139487214114,58817804.210793085
2022-02-23 01:44:40.182566+00:00,2510.11027461,23432.983802,0.10711867920105687,58819373.4061699
2022-02-23 01:45:12.842561+00:00,2490.1358253,23635.926536,0.10535384857907988,58856667.43145253
2022-02-23 01:46:20.730501+00:00,2492.57724548,23660.511879,0.10534756214181057,58975653.52600464
2022-02-23 01:50:08.122471+00:00,2492.57724548,23660.511879,0.10534756214181057,58975653.52600464
2022-02-23 01:50:40.486490+00:00,2585.75396689,24544.981529,0.10534756214156937,63467283.35585353
2022-02-23 01:51:14.014538+00:00,2559.89790076,24793.649904,0.10324812646269589,63469212.34142798
2022-02-23 01:51:46.961060+00:00,2542.46848627,24964.133063,0.10184485396924356,63470521.59972847
2022-02-23 01:52:19.338516+00:00,2612.19885815,25639.500009,0.1018818174002248,66975472.647046715
2022-02-23 01:52:51.886542+00:00,2638.91786374,25898.28442,0.1018954700220255,68343445.39615732
2022-02-23 01:56:07.414544+00:00,2638.93314806,25898.43442,0.10189547002200605,68344237.07379606
2022-02-23 01:58:17.706590+00:00,2638.93314806,25898.43442,0.10189547002200605,68344237.07379606
2022-02-23 01:58:50.246415+00:00,2638.93314806,25898.43442,0.10189547002200605,68344237.07379606
2022-02-23 01:59:22.342530+00:00,2628.55066167,26001.039422,0.10109406085688753,68345049.37680586
2022-02-23 02:00:03.210130+00:00,2628.55066167,26001.039422,0.10109406085688753,68345049.37680586
2022-02-23 02:00:35.751137+00:00,2633.58815661,26050.477291,0.1010955817504296,68606228.46761537
2022-02-23 02:03:01.486564+00:00,2633.58815661,26050.477291,0.1010955817504296,68606228.46761537
2022-02-23 02:03:34.167709+00:00,2584.14107203,26550.477291,0.09732936412807781,68610178.84967291
2022-02-23 02:04:06.619121+00:00,2616.02063533,26227.895792,0.09974191814990875,68612716.61315687
2022-02-23 02:05:47.606535+00:00,2631.18497259,26377.895792,0.09974961586541703,69405123.0164554
2022-02-23 02:06:19.700814+00:00,2644.30177624,26666.854114,0.09916061958173579,70515209.70038316
2022-02-23 02:06:55.452871+00:00,2654.30177624,26566.688963,0.09991089894328582,70516009.70330651
2022-02-23 02:07:28.155438+00:00,2654.30177624,26566.688963,0.09991089894328582,70516009.70330651
2022-02-23 02:09:07.214520+00:00,2662.1307754,26645.641668,0.09990867581909568,70934182.71466339
2022-02-23 02:10:45.508106+00:00,2798.15516297,26043.960244,0.10743969568202048,72875041.82093403
2022-02-23 02:11:20.311136+00:00,2717.8461373,26815.906134,0.1013520156178512,72881506.90449128
2022-02-23 02:12:58.015822+00:00,2892.21017251,26599.938311,0.10872995789294633,76932612.17121267
2022-02-23 02:13:33.314525+00:00,2822.34848567,27260.397901,0.10353291598749802,76938342.734649
2022-02-23 02:15:45.906534+00:00,2837.43954105,27115.847152,0.10464137539736491,76939576.89815283
2022-02-23 02:16:18.054450+00:00,2820.68926459,27296.255932,0.103336123152452,76994256.07089351
2022-02-23 02:19:07.249225+00:00,2815.54737751,27346.255932,0.10295915406157327,76994679.17405988
2022-02-23 02:19:39.690549+00:00,2719.99113272,26484.017356,0.10270311698401684,72036292.36712259
2022-02-23 02:20:19.142740+00:00,2719.99113272,26484.017356,0.10270311698401684,72036292.36712259
2022-02-23 02:20:51.446820+00:00,2723.3887848,26517.017356,0.10270343561787425,72216147.67367736
2022-02-23 02:21:23.378791+00:00,2723.3887848,26517.017356,0.10270343561787425,72216147.67367736
2022-02-23 02:21:55.910527+00:00,2723.3887848,26517.017356,0.10270343561787425,72216147.67367736
2022-02-23 02:22:28.209596+00:00,2823.3887848,25580.643787,0.11037207696214577,72224102.7761796
2022-02-23 02:23:01.954678+00:00,2736.76718644,26392.81205,0.10369365648705098,72230981.97631823
2022-02-23 02:23:34.262544+00:00,2836.76718644,25465.219762,0.11139771079741918,72238899.81632502
2022-02-23 02:24:07.138583+00:00,2760.91332146,26167.019363,0.10551118884269693,72244872.34220846
2022-02-23 02:27:25.302532+00:00,2859.72015709,25265.693559,0.11318589574483805,72252813.15353128
2022-02-23 02:28:03.706536+00:00,2772.84762199,26059.708208,0.10640363275973945,72259599.93430609
2022-02-23 02:29:27.634708+00:00,2798.78945396,25822.583784,0.10838533732221504,72271975.1686577
2022-02-23 02:32:35.034433+00:00,2799.56945396,25815.410826,0.10844566731203877,72272035.58989789
2022-02-23 02:33:07.902588+00:00,2780.24255284,25995.410826,0.10695128349574944,72273547.35700281
2022-02-23 02:33:41.214548+00:00,2824.55412919,25701.878419,0.10989679754698244,72596346.8163258
2022-02-23 02:34:50.334562+00:00,2824.55412919,25701.878419,0.10989679754698244,72596346.8163258
2022-02-23 02:36:27.294369+00:00,2839.41812345,25567.735511,0.11105473624085317,72597491.58550955
2022-02-23 02:38:09.698487+00:00,2838.40765963,25576.864939,0.11097558932259724,72597569.35217959
2022-02-23 02:39:15.581843+00:00,2849.22508448,25674.271184,0.11097588960015403,73151777.48319483
2022-02-23 02:39:47.890643+00:00,2949.22508448,24806.339857,0.1188899733487998,73159479.76040041
2022-02-23 02:40:22.450836+00:00,2842.12722129,25356.394462,0.11208719857822505,72066098.9342172
2022-02-23 02:40:55.606625+00:00,2842.12722129,25356.394462,0.11208719857822505,72066098.9342172
2022-02-23 02:41:59.974540+00:00,2861.74257925,25183.221433,0.11363687472882175,72067897.0574973
2022-02-23 02:42:34.294508+00:00,2860.03025712,25198.344217,0.11350072181292323,72068026.88994478
2022-02-23 02:43:07.298612+00:00,2858.94224268,25207.962698,0.11341425235077918,72068109.4092139
2022-02-23 02:45:56.602862+00:00,2874.97539906,25072.216801,0.11466777835717074,72082006.5027738
2022-02-23 02:48:10.174372+00:00,2872.06016514,25097.742562,0.11443499980307115,72082226.64725894
2022-02-23 02:48:43.922532+00:00,2886.00367143,24978.728227,0.1155384551688449,72088701.37077416
2022-02-23 02:50:25.130639+00:00,2882.39987876,25011.990179,0.115240724873627,72094557.4594959
2022-02-23 02:50:59.344444+00:00,2982.39987876,24175.852999,0.12336275699903382,72102061.05313717
2022-02-23 02:51:33.473134+00:00,2906.59694824,24808.29676,0.11716229358101245,72107719.65364829
2022-02-23 02:52:06.074539+00:00,2983.63630007,24337.012297,0.12259665499030009,72612793.32457916
2022-02-23 02:53:57.178602+00:00,2983.63630007,24337.012297,0.12259665499030009,72612793.32457916
2022-02-23 02:54:29.825190+00:00,2984.40060266,24343.246583,0.12259665498948456,72649999.77300619
2022-02-23 02:57:45.766569+00:00,2999.86249279,24469.366583,0.12259665498959599,73404735.0346707
2022-02-23 02:58:53.973377+00:00,2999.86249279,24469.366583,0.12259665498959599,73404735.0346707
2022-02-23 02:59:27.099500+00:00,3086.37717252,24337.685758,0.12681473510707492,75115277.75545631
2022-02-23 03:00:01.198460+00:00,3086.84575607,24341.507914,0.12681407277544227,75138480.40067522
2022-02-23 03:01:42.280269+00:00,3090.66540905,24331.464737,0.12702340128131023,75200416.41416575
2022-02-23 03:02:48.966536+00:00,3090.64957883,24331.589737,0.12702209811347354,75200417.57292339
2022-02-23 03:04:32.407606+00:00,3190.64957883,23571.287034,0.13536170401843997,75207717.04751314
2022-02-23 03:05:04.958528+00:00,3113.44130409,24157.619188,0.12888030396789116,75213329.38839632
2022-02-23 03:05:37.790473+00:00,3111.55531319,24172.305807,0.128723976025859,75213466.56582434
2022-02-23 03:06:43.190600+00:00,3137.50628731,23976.385599,0.13085818437291308,75226060.56383145
2022-02-23 03:07:59.778631+00:00,3136.50094316,23984.248183,0.13077336922251945,75226617.04696302
2022-02-23 03:08:32.829812+00:00,3136.16296981,23986.84066,0.1307451454013202,75226641.44062486
2022-02-23 03:10:45.998541+00:00,3100.10112238,24266.717115,0.12775115429452683,75229276.96468946
2022-02-23 03:12:23.154592+00:00,3084.89218315,24386.717115,0.12649887102895524,75230393.00075382
2022-02-23 03:13:27.732010+00:00,3185.9075273,25177.436735,0.12653820008893768,80212985.21215603
2022-02-23 03:14:32.902542+00:00,3201.4659385,25300.390999,0.1265382000865733,80998340.01403049
2022-02-23 03:15:36.979576+00:00,3186.39837384,25420.390999,0.12534812599717088,80999492.54159057
2022-02-23 03:16:42.026531+00:00,3201.40969956,25539.916224,0.12534926393186901,81763735.5254634
2022-02-23 03:17:14.662466+00:00,3301.40969956,24768.630658,0.13328995636235064,81771397.49914038
2022-02-23 03:17:52.394508+00:00,3246.5564764,25188.397479,0.1288909498552542,81775554.96558489
2022-02-23 03:18:57.614521+00:00,3251.20009632,25224.424988,0.12889094985779423,82009652.9506022
2022-02-23 03:20:02.326583+00:00,3249.91556278,25234.424988,0.1287889684161802,82009750.48630571
2022-02-23 03:20:34.519593+00:00,3351.2436092,26058.29349,0.1286056437458599,87327689.52502047
2022-02-23 03:21:06.612079+00:00,3449.83117259,25315.846551,0.13627161018060951,87335396.59214483
2022-02-23 03:21:39.354393+00:00,3448.9482911,25322.346551,0.13620176487805782,87335463.86371343
2022-02-23 03:22:11.968143+00:00,3432.72996891,25442.346551,0.1349219091104267,87336705.48501167
2022-02-23 03:23:16.422609+00:00,3487.92169516,25056.269276,0.13920355248180882,87394305.20753135
2022-02-23 03:23:50.110558+00:00,3504.14001735,25176.474529,0.13918310974452322,88221891.89286189
2022-02-23 03:24:23.010573+00:00,3498.15743554,25219.661355,0.13870754988732084,88222345.89079404
2022-02-23 03:25:28.918582+00:00,3598.15743554,24520.85918,0.14673863624137495,88229911.78434627
2022-02-23 03:26:02.442537+00:00,3528.13974684,25008.981258,0.14107490866751723,88235180.80432643
2022-02-23 03:26:35.296384+00:00,3526.74313707,25018.914765,0.14096307414595408,88235285.94440305
2022-02-23 03:28:19.994541+00:00,3553.80360447,24832.053625,0.14311356032560116,88248241.67891733
2022-02-23 03:29:25.690554+00:00,3544.55334352,24897.053625,0.14236838611139072,88248934.67029049
2022-02-23 03:29:58.942544+00:00,3553.80360447,24961.689435,0.14237031566809893,88708941.88776372
2022-02-23 03:31:36.210523+00:00,3653.80360447,24280.568961,0.15048261885208794,88716430.3882842
2022-02-23 03:32:08.326710+00:00,3583.65474486,24757.310504,0.14475137532733995,88721653.25763191
2022-02-23 03:33:15.426491+00:00,3583.93861461,24759.304387,0.14475118357896055,88735827.06345208
2022-02-23 03:33:47.522481+00:00,3610.80117914,24578.662611,0.14690795981405483,88748663.93748303
2022-02-23 03:34:53.606552+00:00,3606.85090069,24605.662611,0.1465862130076331,88748956.3505596
2022-02-23 03:36:31.981811+00:00,3627.96430243,24751.52257,0.1465753992373488,89797640.31475045
2022-02-23 03:37:36.850681+00:00,3627.96430243,24751.52257,0.1465753992373488,89797640.31475045
2022-02-23 03:38:09.386523+00:00,3656.43108208,24562.298776,0.14886355366919996,89810352.69190194
2022-02-23 03:38:46.762426+00:00,3651.35308205,24596.56092,0.14844974034890404,89810728.52307259
2022-02-23 03:40:26.883189+00:00,3643.96787516,24646.56092,0.14784893872162996,89811276.22565389
2022-02-23 03:40:58.910487+00:00,3641.02215768,24666.56092,0.14760963919894513,89811494.86348356
2022-02-23 03:41:31.330484+00:00,3667.55320273,24491.614474,0.14974730255628635,89824299.10414714
2022-02-23 03:42:03.775088+00:00,3746.77023105,23976.17744,0.1562705414750217,89833227.8865646
2022-02-23 03:42:36.534511+00:00,3702.34083498,24502.963496,0.15109767582130998,90718322.3292651
2022-02-23 03:43:45.048945+00:00,3699.33040451,24522.963496,0.15085168662887774,90718544.46944164
2022-02-23 03:45:23.158574+00:00,3737.10482347,24772.963496,0.15085416906513494,92579161.37254784
2022-02-23 03:47:00.759214+00:00,3728.10253058,24832.963496,0.15012716992800754,92579834.05123836
2022-02-23 03:47:32.722075+00:00,3816.92176224,24257.281171,0.15735159003735325,92588144.39436449
2022-02-23 03:48:15.234522+00:00,3766.05705654,24585.900976,0.15317954221878258,92591905.86205848
2022-02-23 03:50:53.554584+00:00,3765.29361177,24590.900976,0.153117350821949,92591962.35260147
2022-02-23 03:52:52.358568+00:00,3708.89830536,24968.861829,0.14854094394692482,92606969.3243461
2022-02-23 03:59:49.418568+00:00,3706.21823362,24988.991924,0.14831403543175598,92614657.50851172
2022-02-23 04:00:29.626536+00:00,3706.21823362,24988.991924,0.14831403543175598,92614657.50851172
2022-02-23 04:01:02.330904+00:00,3711.287729,25137.435533,0.14763987058774888,93292256.03215148
2022-02-23 04:01:34.898588+00:00,3785.24836919,25636.111467,0.14765298450439915,97039049.1228348
2022-02-23 04:02:07.142519+00:00,3667.61840061,24928.524251,0.1471253718704538,91428314.24302022
2022-02-23 04:02:39.186562+00:00,3700.74694674,25199.738665,0.14685656053568444,93257855.92314468
2022-02-23 04:03:11.430458+00:00,3701.34326915,25203.777699,0.14685668606325064,93287832.94334653
2022-02-23 04:03:45.382563+00:00,3709.84897892,25239.255356,0.1469872595919545,93633825.71115774
2022-02-23 04:04:19.681876+00:00,3708.38409633,25249.255356,0.1468710282360376,93633937.00636548
2022-02-23 04:05:25.097118+00:00,3757.78259456,24918.357339,0.1508037846731836,93637769.49352063
2022-02-23 04:05:57.322529+00:00,3722.41847103,25155.807014,0.14797452011610507,93640440.68257964
2022-02-23 04:06:29.554681+00:00,3722.41847103,25155.807014,0.14797452011610507,93640440.68257964
2022-02-23 04:08:33.566584+00:00,3744.03824918,25206.78076,0.1485329794719887,94375151.30413452
2022-02-23 04:09:06.117583+00:00,3727.13378469,25356.139851,0.14699137197506065,94505725.48798656
2022-02-23 04:11:06.398753+00:00,4024.57613653,27467.314526,0.14652237417387196,110544298.57590342
2022-02-23 04:12:46.310363+00:00,4021.75309246,27486.657053,0.1463165595112284,110544548.00429022
2022-02-23 04:13:19.014524+00:00,4029.07462041,27536.625722,0.14631693298540305,110947119.8282394
2022-02-23 04:14:56.054611+00:00,4329.07462041,29586.974644,0.14631690710181822,128084221.02605459
2022-02-23 04:15:28.438463+00:00,4326.15903213,29606.974644,0.14611959121621085,128084480.7701845
2022-02-23 04:16:00.534573+00:00,4428.58088522,30306.974644,0.14612414921780206,134216888.59726562
2022-02-23 04:17:06.338568+00:00,4420.61682328,30361.739448,0.14559827281474141,134217616.18787283
2022-02-23 04:17:39.478546+00:00,4426.70370548,30320.236153,0.14599832544648586,134218701.72951376
2022-02-23 04:18:12.082504+00:00,4424.38653178,30336.163507,0.1458452889324348,134218913.24624673
2022-02-23 04:18:44.382432+00:00,4420.19695512,30365.003507,0.14556879448741109,134219296.04384953
2022-02-23 04:19:49.238623+00:00,4710.0518278,32348.002405,0.1456056472616056,152360767.85334903
2022-02-23 04:21:58.974632+00:00,4710.0518278,32348.002405,0.1456056472616056,152360767.85334903
2022-02-23 04:24:09.393899+00:00,4707.15024517,32368.002405,0.14542603483132682,152361050.45635888
2022-02-23 04:25:15.974502+00:00,5057.15024517,34774.724148,0.14542603483055527,175861004.75077733
2022-02-23 04:26:22.042555+00:00,5054.90390448,34790.224148,0.14529667538145463,175861239.8834596
2022-02-23 04:26:57.250552+00:00,4998.37164483,35184.903721,0.1420601200010315,175867225.08511996
2022-02-23 04:27:29.342568+00:00,5003.37164483,35149.84801,0.1423440477866806,175867752.8533182
2022-02-23 04:28:02.109320+00:00,5003.37164483,35149.84801,0.1423440477866806,175867752.8533182
2022-02-23 04:28:34.550542+00:00,5001.9528783,35159.84801,0.14226321106045076,175867902.95421
2022-02-23 04:29:06.755699+00:00,4999.41306985,35177.763737,0.14211855839464899,175868171.79485318
2022-02-23 04:29:39.713499+00:00,4999.41306985,35177.763737,0.14211855839464899,175868171.79485318
2022-02-23 04:31:20.800346+00:00,4999.41306985,35177.763737,0.14211855839464899,175868171.79485318
2022-02-23 04:31:53.250981+00:00,5000.80583172,35187.563737,0.14211855839458457,175966173.9400088
2022-02-23 04:32:57.894743+00:00,5004.38931224,35162.502544,0.14232176182505335,175966851.92280543
2022-02-23 04:33:29.962975+00:00,5009.38931224,35127.511237,0.14260587032318942,175967379.3562183
2022-02-23 04:34:02.810816+00:00,4999.82474012,35060.444673,0.14260585645025656,175296078.67567384
2022-02-23 04:34:35.422533+00:00,5000.71219914,35054.241283,0.14265640949887448,175296172.01549512
2022-02-23 04:35:08.057186+00:00,4998.5899267,35069.169213,0.14253516803720126,175296395.9658396
2022-02-23 04:35:40.703725+00:00,4997.64263744,35075.836482,0.1424810678429482,175296495.94631663
2022-02-23 04:36:14.038572+00:00,4955.38795,35375.836482,0.14007832585164198,175300993.8240732
2022-02-23 04:36:49.154564+00:00,4967.37217323,35389.28512,0.14036373315782877,175791750.1355905
2022-02-23 04:37:21.606573+00:00,4967.37217323,35389.28512,0.14036373315782877,175791750.1355905
2022-02-23 04:39:12.582578+00:00,5016.31534477,35045.075022,0.14313895295190388,175797147.5914744
2022-02-23 04:39:53.388188+00:00,5016.6662541,35047.575022,0.14313875499092155,175821986.90090543
2022-02-23 04:40:27.131548+00:00,5030.99835303,35376.711449,0.1422121544644651,177980177.03553656
2022-02-23 04:40:59.306524+00:00,5031.55289929,35380.586095,0.14221225408137209,178019290.5448767
2022-02-23 04:43:22.588210+00:00,5114.83674258,35986.183847,0.1421333466289841,184063455.3658745
2022-02-23 04:44:27.338484+00:00,5125.73965324,36062.850311,0.14213351437938146,184848781.84795117
2022-02-23 04:44:59.451080+00:00,5124.32297493,36072.850311,0.1420548398796032,184848935.6198681
2022-02-23 04:45:31.822482+00:00,5128.12188816,36106.134457,0.14202910295665272,185156658.40578967
2022-02-23 04:46:06.194548+00:00,5125.29139571,36126.134457,0.14187212312489456,185156966.09272465
2022-02-23 04:47:10.842693+00:00,5113.03661681,36212.981558,0.14119347252920278,185158300.70991924
2022-02-23 04:48:50.054461+00:00,5113.03661681,36212.981558,0.14119347252920278,185158300.70991924
2022-02-23 04:49:26.606238+00:00,5061.44476567,36696.465762,0.13792730881760384,185737134.54966328
2022-02-23 04:50:31.986518+00:00,5061.44476567,36696.465762,0.13792730881760384,185737134.54966328
2022-02-23 04:51:04.692599+00:00,5061.44476567,36696.465762,0.13792730881760384,185737134.54966328
2022-02-23 04:51:37.268321+00:00,5058.69599324,36716.465762,0.1377773129372255,185737438.23616302
2022-02-23 04:52:09.378561+00:00,5051.83713449,36766.465762,0.13740339273271485,185738197.04042676
2022-02-23 04:52:44.966528+00:00,5051.83713449,36766.465762,0.13740339273271485,185738197.04042676
2022-02-23 04:53:19.172486+00:00,5049.09880041,36786.465762,0.1372542508724951,185738500.15023774
2022-02-23 04:54:24.344979+00:00,5046.3634378,36806.465762,0.13710535182679787,185738803.0959943
2022-02-23 04:55:29.079090+00:00,5046.3634378,36806.465762,0.13710535182679787,185738803.0959943
2022-02-23 04:56:03.178541+00:00,5043.63104181,36826.465762,0.13695669506831565,185739105.87737635
2022-02-23 04:56:36.650559+00:00,5037.90265029,36868.465762,0.136645302324528,185739741.3745059
2022-02-23 04:57:43.096505+00:00,5018.30350236,37012.891727,0.1355825840189425,185741924.18607557
2022-02-23 04:58:48.930564+00:00,5018.37129365,37013.391727,0.1355825840188882,185746942.5233992
2022-02-23 04:59:21.473384+00:00,5014.367554,37026.776139,0.13542544279782456,185665864.90062302
2022-02-23 04:59:55.315053+00:00,5021.472554,36974.543249,0.1358089137216268,185666654.1215395
2022-02-23 05:00:29.874580+00:00,5021.472554,36974.543249,0.1358089137216268,185666654.1215395
2022-02-23 05:01:41.178778+00:00,5005.32132836,37094.215257,0.13493536104434645,185668466.78463903
2022-02-23 05:02:15.870612+00:00,5005.32132836,37094.215257,0.13493536104434645,185668466.78463903
2022-02-23 05:02:48.824717+00:00,5021.51694432,37214.240251,0.13493536104596585,186871937.99039188
2022-02-23 05:03:22.124472+00:00,5028.56500819,37266.473141,0.1349353610459491,187396882.8154851
2022-02-23 05:03:56.587716+00:00,5023.32380155,37305.473141,0.1346538022065506,187397471.15726957
2022-02-23 05:04:29.166558+00:00,4977.1828013,37652.364053,0.13218779023527044,187402698.79287797
2022-02-23 05:05:01.954545+00:00,5014.20814708,37375.16983,0.1341588056960543,187406881.0600846
2022-02-23 05:06:06.933595+00:00,5014.20814708,37375.16983,0.1341588056960543,187406881.0600846
2022-02-23 05:06:41.418535+00:00,5017.68947939,37400.96983,0.13415934138064034,187666452.8349738
2022-02-23 05:07:49.571957+00:00,5017.68947939,37400.96983,0.13415934138064034,187666452.8349738
2022-02-23 05:08:22.576621+00:00,5021.01056501,37376.605084,0.13433565070251313,187668329.0109705
2022-02-23 05:08:54.590531+00:00,5152.08413451,38311.413383,0.13447909329276128,197383625.06120837
2022-02-23 05:09:27.610507+00:00,5203.94024031,38550.395923,0.13499057832516884,200613956.62358224
2022-02-23 05:10:00.882481+00:00,5203.94024031,38550.395923,0.13499057832516884,200613956.62358224
2022-02-23 05:10:33.274572+00:00,5209.53710445,38591.857069,0.13499057832681258,201045711.3305865
2022-02-23 05:11:05.135669+00:00,5099.82196667,37947.823049,0.13439036964214973,193527141.5725963
2022-02-23 05:12:13.130589+00:00,5099.28607435,37951.823049,0.13436208499829527,193527202.76996103
2022-02-23 05:12:45.158504+00:00,5100.76436842,37962.823049,0.13436209319407721,193639415.13297272
2022-02-23 05:13:19.866467+00:00,5099.43133927,37972.776681,0.13429176860330952,193639567.44619244
2022-02-23 05:14:28.930427+00:00,5125.26403246,37975.627923,0.13496192986860067,194635119.90383554
2022-02-23 05:15:04.587450+00:00,5351.0500763,38857.850072,0.13770834120737507,207930301.59262955
2022-02-23 05:16:13.306563+00:00,5339.40545506,38942.850072,0.13710874897929068,207931666.11002052
2022-02-23 05:16:46.230546+00:00,5349.26950555,38871.260858,0.13761502424866878,207932850.34997874
2022-02-23 05:17:52.822491+00:00,5364.29745392,38838.270508,0.1381188550302478,208340035.60072064
2022-02-23 05:18:24.800570+00:00,5364.29745392,38838.270508,0.1381188550302478,208340035.60072064
2022-02-23 05:19:40.782530+00:00,5357.2104412,38889.89447,0.13775327791986164,208341348.71185014
2022-02-23 05:20:13.094557+00:00,5071.25016095,36813.733523,0.13775430187708754,186691652.05368415
2022-02-23 05:20:45.731367+00:00,5081.25016095,36741.500723,0.13829729491068835,186692756.46228826
2022-02-23 05:21:50.793956+00:00,5057.01944735,36566.293294,0.13829729490737808,184916456.30526188
2022-02-23 05:22:22.986484+00:00,5061.01944735,36537.479656,0.13851583346742705,184916895.096171
2022-02-23 05:23:28.491823+00:00,5071.01944735,36465.644262,0.1390629330697001,184917991.21274894
2022-02-23 05:25:05.182528+00:00,5071.01944735,36465.644262,0.1390629330697001,184917991.21274894
2022-02-23 05:25:37.547801+00:00,5081.01944735,36394.091205,0.13961110936194895,184919085.18123457
2022-02-23 05:26:09.842572+00:00,5081.01944735,36394.091205,0.13961110936194895,184919085.18123457
2022-02-23 05:26:44.118514+00:00,5091.01944735,36322.818821,0.1401603623451887,184920177.0002816
2022-02-23 05:27:16.282538+00:00,5115.25016095,36151.275413,0.14149570388630203,184922817.37489602
2022-02-23 05:27:51.496985+00:00,5095.67525481,36290.569099,0.14041320875704905,184924954.94074675
2022-02-23 05:28:24.486422+00:00,5099.69795878,36319.382737,0.14041257241920949,185217882.00802845
2022-02-23 05:28:57.112711+00:00,5109.69795878,36248.516659,0.14096295323884192,185218971.58129513
2022-02-23 05:30:02.759595+00:00,5109.41689415,36250.516659,0.14094742268677357,185219002.23916063
2022-02-23 05:30:35.762563+00:00,5098.6607451,36032.658152,0.1415010994634876,183718299.66120994
2022-02-23 05:32:13.155489+00:00,5088.56741869,36104.345501,0.1409405806442069,183719396.1895155
2022-02-23 05:33:19.202423+00:00,5074.48458486,36204.845501,0.14016037120555697,183720930.39206243
2022-02-23 05:36:43.337728+00:00,5110.23176252,35954.561387,0.1421302768100988,183736141.60732257
2022-02-23 05:37:15.742516+00:00,5110.34484677,35955.357025,0.1421302768101216,183744273.48648426
2022-02-23 05:37:51.028071+00:00,5124.44484677,36055.399184,0.14212697578575226,184763904.5466841
2022-02-23 05:42:15.098546+00:00,5101.38405777,35893.144349,0.1421269757858962,183104714.36522597
2022-02-23 05:42:46.952294+00:00,5102.17569091,35887.592019,0.14217102357295944,183104799.60463756
2022-02-23 05:43:19.603211+00:00,5092.57232077,35820.044007,0.14217102356922853,182416164.6388115
2022-02-23 05:44:27.674581+00:00,5072.80534704,35960.044007,0.1410678292288109,182418303.51850328
2022-02-23 05:47:13.602645+00:00,5072.27857877,35963.789782,0.14103848925589854,182418360.522626
2022-02-23 05:47:46.284028+00:00,5072.27857877,35963.789782,0.14103848925589854,182418360.522626
2022-02-23 05:48:18.682291+00:00,5072.913384,35968.289782,0.14103849292658593,182464018.63469824
2022-02-23 05:49:24.255727+00:00,5072.26663597,35972.889782,0.14100247899761573,182464088.6406647
2022-02-23 05:49:56.387808+00:00,5098.81768183,35786.13031,0.14248027483444325,182466953.98890048
2022-02-23 05:50:29.294557+00:00,5098.81768183,35786.13031,0.14248027483444325,182466953.98890048
2022-02-23 05:51:02.982742+00:00,5108.5421389,35718.213342,0.1430234510888319,182467997.98382723
2022-02-23 05:55:23.058628+00:00,5113.5421389,35683.392998,0.14330313653711704,182468533.75420222
2022-02-23 05:57:33.976777+00:00,5109.90147181,35708.892999,0.1430988485684252,182468924.89229593
2022-02-23 06:00:17.603321+00:00,5109.90147181,35708.892999,0.1430988485684252,182468924.89229593
2022-02-23 06:02:28.477427+00:00,5108.95434092,35715.532867,0.14304572634951523,182469026.67913058
2022-02-23 06:04:06.322571+00:00,5057.84516019,36077.532867,0.1401937648795379,182474575.0029516
2022-02-23 06:04:38.650573+00:00,5057.84516019,36077.532867,0.1401937648795379,182474575.0029516
2022-02-23 06:05:43.578515+00:00,5057.84516019,36077.532867,0.1401937648795379,182474575.0029516
2022-02-23 06:08:29.982990+00:00,5057.54003699,36079.715987,0.1401768250839973,182474608.1274807
2022-02-23 06:09:02.319399+00:00,5062.40063988,36045.184374,0.14044596324860514,182475164.43953016
2022-02-23 06:09:34.954579+00:00,5067.40063988,36009.725317,0.14072311286106112,182475705.11326882
2022-02-23 06:10:08.146565+00:00,5056.20144477,36089.725317,0.14010085697128558,182476921.28916785
2022-02-23 06:11:47.310527+00:00,5060.41312365,36059.812451,0.1403338725215601,182477548.16339806
2022-02-23 06:14:30.800501+00:00,5061.57640591,36051.549827,0.1403983027137226,182477674.00083196
2022-02-23 06:15:02.879032+00:00,5061.01577463,36055.555436,0.14036715600217275,182477734.82464245
2022-02-23 06:17:13.478591+00:00,5060.56999122,36058.741112,0.1403423923065326,182477783.1925581
2022-02-23 06:17:49.110537+00:00,5056.39511808,36088.603103,0.1401105801642865,182478236.54833597
2022-02-23 06:21:06.084442+00:00,5056.39511808,36088.603103,0.1401105801642865,182478236.54833597
2022-02-23 06:21:38.452178+00:00,5054.79656151,36110.945428,0.13997962395054245,182533482.78232965
2022-02-23 06:22:13.966474+00:00,5054.09885968,36115.945428,0.13994092636328037,182533558.6039199
2022-02-23 06:23:52.198524+00:00,5058.15714654,36144.945428,0.1399409263631549,182826814.0279365
2022-02-23 06:24:24.198534+00:00,5058.15714654,36144.945428,0.1399409263631549,182826814.0279365
2022-02-23 06:25:29.170522+00:00,5037.46292599,36293.879819,0.13879648445170822,182829074.02854916
2022-02-23 06:28:48.372008+00:00,5036.43141796,36301.335515,0.13873956278768054,182829186.70165315
2022-02-23 06:29:21.988697+00:00,5036.43141796,36301.335515,0.13873956278768054,182829186.70165315
2022-02-23 06:29:54.243980+00:00,5036.43141796,36301.335515,0.13873956278768054,182829186.70165315
2022-02-23 06:30:27.982559+00:00,5025.94080681,36377.335515,0.1381613231331245,182830335.00785717
2022-02-23 06:37:33.838527+00:00,5038.9628259,36283.608838,0.13887711248343826,182831756.1241787
2022-02-23 06:38:38.531207+00:00,5037.04847065,36297.440113,0.13877145206297817,182831965.2096966
2022-02-23 06:40:16.186554+00:00,5037.04847065,36297.440113,0.13877145206297817,182831965.2096966
2022-02-23 06:40:50.776002+00:00,5036.78567743,36299.339623,0.13875695067021523,182831993.9132937
2022-02-23 06:41:23.502536+00:00,5036.78567743,36299.339623,0.13875695067021523,182831993.9132937
2022-02-23 06:43:36.879418+00:00,5049.79090533,36393.0663,0.13875695067029842,183777375.21881172
2022-02-23 06:45:45.990499+00:00,5059.79090533,36465.134762,0.13875695066956845,184505957.23040044
2022-02-23 06:46:50.275882+00:00,5058.79090476,36472.364731,0.13870202664595083,184506066.9762722
2022-02-23 06:50:39.222584+00:00,5058.42616869,36475.002472,0.13868199659679517,184506107.00739723
2022-02-23 06:55:08.141794+00:00,5056.90570176,36486.002472,0.13859851337895288,184506273.93508625
2022-02-23 07:02:54.452580+00:00,5061.90570176,36450.070802,0.13887231465905012,184506821.2221995
